{"cameraMode":{"drawMode":0,"name":"Shaded","section":"Shading Mode"},"sceneLighting":false,"audioPlay":false,"sceneViewState":{"m_AlwaysRefresh":false,"showFog":true,"showSkybox":false,"showFlares":true,"showImageEffects":true,"showParticleSystems":true,"showVisualEffectGraphs":true,"m_FxEnabled":true},"in2DMode":false,"pivot":{"x":0.017597496509552003,"y":2.737126588821411,"z":26.01124382019043},"rotation":{"x":0.19917014241218568,"y":0.46828651428222659,"z":-0.10938993096351624,"w":0.8539413213729858},"size":0.8660253882408142,"orthographic":false}