{"cameraMode":{"drawMode":0,"name":"Shaded","section":"Shading Mode"},"sceneLighting":false,"audioPlay":false,"sceneViewState":{"m_AlwaysRefresh":false,"showFog":true,"showSkybox":false,"showFlares":true,"showImageEffects":true,"showParticleSystems":true,"showVisualEffectGraphs":true,"m_FxEnabled":true},"in2DMode":false,"pivot":{"x":0.029179483652114869,"y":0.6636637449264526,"z":-5.960464477539063e-8},"rotation":{"x":-0.0692959800362587,"y":0.7348867654800415,"z":-0.07108040153980255,"w":-0.6717684268951416},"size":1.8396503925323487,"orthographic":false}